Sample_ID,SOST_Expression,MKI67,Dataset
GSM540108,3.19,5.8725,GSE21653
GSM540109,2.95,7.532500000000001,GSE21653
GSM540110,2.96,6.725,GSE21653
GSM540111,2.55,6.305,GSE21653
GSM540112,2.94,6.1175,GSE21653
GSM540113,2.49,6.1425,GSE21653
GSM540114,2.55,6.055,GSE21653
GSM540115,2.67,4.6275,GSE21653
GSM540116,2.52,7.0425,GSE21653
GSM540117,2.7,7.3375,GSE21653
GSM540118,2.9,6.297499999999999,GSE21653
GSM540119,3.19,7.502499999999999,GSE21653
GSM540120,2.6,7.04,GSE21653
GSM540121,2.62,6.9075,GSE21653
GSM540122,2.92,6.7925,GSE21653
GSM540123,2.96,6.58,GSE21653
GSM540124,2.57,8.1125,GSE21653
GSM540125,3.02,5.9625,GSE21653
GSM540126,2.48,6.3125,GSE21653
GSM540127,2.48,7.4025,GSE21653
GSM540128,2.59,7.5075,GSE21653
GSM540129,2.72,5.5775,GSE21653
GSM540130,2.69,7.12,GSE21653
GSM540131,2.67,6.657500000000001,GSE21653
GSM540132,2.61,7.1675,GSE21653
GSM540133,2.85,6.27,GSE21653
GSM540134,2.97,6.315,GSE21653
GSM540135,2.28,5.095,GSE21653
GSM540136,2.73,4.245,GSE21653
GSM540137,2.67,7.0725,GSE21653
GSM540138,2.67,8.0925,GSE21653
GSM540139,3.19,5.7275,GSE21653
GSM540140,2.7,7.4475,GSE21653
GSM540141,2.81,5.815,GSE21653
GSM540142,2.61,7.4125,GSE21653
GSM540143,2.9,4.69,GSE21653
GSM540144,2.63,4.91,GSE21653
GSM540145,2.53,5.47,GSE21653
GSM540146,2.63,6.775,GSE21653
GSM540147,2.58,5.955,GSE21653
GSM540148,2.62,7.015000000000001,GSE21653
GSM540149,2.61,7.625,GSE21653
GSM540150,2.89,5.2775,GSE21653
GSM540151,3.1,6.984999999999999,GSE21653
GSM540152,2.61,6.6075,GSE21653
GSM540153,2.62,5.3425,GSE21653
GSM540154,2.67,4.935,GSE21653
GSM540155,2.66,6.5725,GSE21653
GSM540156,2.89,6.44,GSE21653
GSM540157,2.93,5.657500000000001,GSE21653
GSM540158,2.58,6.1575,GSE21653
GSM540159,2.87,5.895,GSE21653
GSM540160,2.84,6.42,GSE21653
GSM540161,2.53,7.1325,GSE21653
GSM540162,2.81,5.9025,GSE21653
GSM540163,2.57,4.16,GSE21653
GSM540164,3.28,5.9925,GSE21653
GSM540165,2.64,7.2125,GSE21653
GSM540166,2.82,5.4475,GSE21653
GSM540167,2.98,5.5825000000000005,GSE21653
GSM540168,4.55,6.5975,GSE21653
GSM540169,2.35,4.180000000000001,GSE21653
GSM540170,2.99,5.7875,GSE21653
GSM540171,2.4,5.73,GSE21653
GSM540172,2.92,6.595000000000001,GSE21653
GSM540173,2.87,5.84,GSE21653
GSM540174,2.77,6.494999999999999,GSE21653
GSM540175,2.59,4.34,GSE21653
GSM540176,2.56,6.91,GSE21653
GSM540177,2.74,6.7875,GSE21653
GSM540178,2.72,5.32,GSE21653
GSM540179,2.51,5.654999999999999,GSE21653
GSM540180,2.54,5.44,GSE21653
GSM540181,2.51,6.5075,GSE21653
GSM540182,2.62,5.890000000000001,GSE21653
GSM540183,2.89,7.7825,GSE21653
GSM540184,2.13,4.800000000000001,GSE21653
GSM540185,2.63,5.885,GSE21653
GSM540186,2.83,6.512499999999999,GSE21653
GSM540187,2.45,4.215,GSE21653
GSM540188,2.59,4.65,GSE21653
GSM540189,2.42,4.890000000000001,GSE21653
GSM540190,2.32,4.702500000000001,GSE21653
GSM540191,2.57,4.8575,GSE21653
GSM540192,2.65,5.125,GSE21653
GSM540193,2.6,5.1475,GSE21653
GSM540194,2.48,4.255,GSE21653
GSM540195,3.11,5.54,GSE21653
GSM540196,2.65,6.4375,GSE21653
GSM540197,2.48,4.827500000000001,GSE21653
GSM540198,2.84,5.6875,GSE21653
GSM540199,2.45,5.5075,GSE21653
GSM540200,2.8,6.0600000000000005,GSE21653
GSM540201,3.15,6.9025,GSE21653
GSM540202,2.91,4.8475,GSE21653
GSM540203,2.67,5.047499999999999,GSE21653
GSM540204,2.6,4.26,GSE21653
GSM540205,2.93,5.574999999999999,GSE21653
GSM540206,2.79,7.7475,GSE21653
GSM540207,2.37,6.1825,GSE21653
GSM540208,3.0,4.3375,GSE21653
GSM540209,2.7,6.645,GSE21653
GSM540210,2.52,5.115,GSE21653
GSM540211,2.62,4.48,GSE21653
GSM540212,2.67,5.0600000000000005,GSE21653
GSM540213,2.46,5.33,GSE21653
GSM540214,2.92,6.605,GSE21653
GSM540215,2.95,6.7700000000000005,GSE21653
GSM540216,2.43,6.827500000000001,GSE21653
GSM540217,2.75,4.9475,GSE21653
GSM540218,2.44,4.2775,GSE21653
GSM540219,3.12,7.1725,GSE21653
GSM540220,2.79,4.97,GSE21653
GSM540221,2.67,7.1875,GSE21653
GSM540222,3.0,6.13,GSE21653
GSM540223,2.62,4.380000000000001,GSE21653
GSM540224,2.94,7.8125,GSE21653
GSM540225,2.45,5.2925,GSE21653
GSM540226,2.9,6.5425,GSE21653
GSM540227,2.71,4.895,GSE21653
GSM540228,2.98,5.9825,GSE21653
GSM540229,3.03,6.885,GSE21653
GSM540230,2.6,5.525,GSE21653
GSM540231,3.14,5.9925,GSE21653
GSM540232,2.99,5.365,GSE21653
GSM540233,2.5,4.6,GSE21653
GSM540234,2.75,6.38,GSE21653
GSM540235,2.79,5.6975,GSE21653
GSM540236,2.7,6.3025,GSE21653
GSM540237,2.73,6.2925,GSE21653
GSM540238,2.6,7.0625,GSE21653
GSM540239,2.83,6.1225000000000005,GSE21653
GSM540240,2.98,4.5725,GSE21653
GSM540241,2.65,4.8375,GSE21653
GSM540242,2.84,4.1675,GSE21653
GSM540243,2.79,5.24,GSE21653
GSM540244,2.28,4.2700000000000005,GSE21653
GSM540245,2.74,5.3125,GSE21653
GSM540246,2.62,6.82,GSE21653
GSM540247,2.32,6.125,GSE21653
GSM540248,2.8,7.27,GSE21653
GSM540249,2.84,7.7075,GSE21653
GSM540250,2.7,7.0375,GSE21653
GSM540251,2.51,6.0275,GSE21653
GSM540252,2.78,5.8675,GSE21653
GSM540253,2.75,5.82,GSE21653
GSM540254,2.59,6.29,GSE21653
GSM540255,3.08,7.8475,GSE21653
GSM540256,2.96,7.125,GSE21653
GSM540257,2.81,5.050000000000001,GSE21653
GSM540258,2.87,5.3125,GSE21653
GSM540259,2.83,5.8925,GSE21653
GSM540260,2.56,7.475,GSE21653
GSM540261,2.54,6.2375,GSE21653
GSM540262,2.96,6.43,GSE21653
GSM540263,2.87,4.855,GSE21653
GSM540264,2.94,6.6825,GSE21653
GSM540265,2.62,6.6925,GSE21653
GSM540266,3.09,6.297499999999999,GSE21653
GSM540267,2.96,7.13,GSE21653
GSM540268,2.8,6.5975,GSE21653
GSM540269,2.38,7.414999999999999,GSE21653
GSM540270,2.68,6.6075,GSE21653
GSM540271,2.57,7.109999999999999,GSE21653
GSM540272,3.02,6.0825,GSE21653
GSM540273,2.98,7.140000000000001,GSE21653
GSM540274,2.97,6.41,GSE21653
GSM540275,2.78,5.975,GSE21653
GSM540276,3.02,6.85,GSE21653
GSM540277,2.85,6.8575,GSE21653
GSM540278,2.59,7.715,GSE21653
GSM540279,3.0,5.39,GSE21653
GSM540280,2.65,6.4425,GSE21653
GSM540281,2.87,6.42,GSE21653
GSM540282,2.69,7.545,GSE21653
GSM540283,2.55,7.945,GSE21653
GSM540284,2.71,7.8625,GSE21653
GSM540285,2.93,8.350000000000001,GSE21653
GSM540286,2.47,4.755000000000001,GSE21653
GSM540287,2.53,6.0075,GSE21653
GSM540288,2.66,6.76,GSE21653
GSM540289,2.48,6.5825,GSE21653
GSM540290,2.54,5.2525,GSE21653
GSM540291,2.78,5.725,GSE21653
GSM540292,2.81,6.1875,GSE21653
GSM540293,2.33,3.88,GSE21653
GSM540294,2.7,7.5075,GSE21653
GSM540295,2.56,5.8025,GSE21653
GSM540296,2.5,5.5325,GSE21653
GSM540297,2.58,6.7125,GSE21653
GSM540298,2.9,5.585000000000001,GSE21653
GSM540299,2.67,6.3575,GSE21653
GSM540300,2.51,5.82,GSE21653
GSM540301,2.36,4.0125,GSE21653
GSM540302,2.69,8.5775,GSE21653
GSM540303,2.44,6.2575,GSE21653
GSM540304,2.53,8.12,GSE21653
GSM540305,2.62,5.91,GSE21653
GSM540306,2.37,6.2925,GSE21653
GSM540307,2.67,8.125,GSE21653
GSM540308,2.61,4.9825,GSE21653
GSM540309,2.77,7.6925,GSE21653
GSM540310,2.58,8.4925,GSE21653
GSM540311,2.48,7.015000000000001,GSE21653
GSM540312,2.71,6.91,GSE21653
GSM540313,2.57,6.0725,GSE21653
GSM540314,2.93,5.1075,GSE21653
GSM540315,2.58,5.359999999999999,GSE21653
GSM540316,2.6,7.1575,GSE21653
GSM540317,3.02,5.18,GSE21653
GSM540318,3.08,6.0975,GSE21653
GSM540319,3.13,4.8275,GSE21653
GSM540320,3.13,5.5375,GSE21653
GSM540321,3.0,5.695,GSE21653
GSM540322,3.1,5.192500000000001,GSE21653
GSM540323,3.2,6.494999999999999,GSE21653
GSM540324,3.17,5.8425,GSE21653
GSM540325,3.3,7.13,GSE21653
GSM540326,2.61,5.3675,GSE21653
GSM540327,2.81,6.4725,GSE21653
GSM540328,2.54,4.58,GSE21653
GSM540329,2.68,5.4,GSE21653
GSM540330,2.84,4.085,GSE21653
GSM540331,2.56,6.2475000000000005,GSE21653
GSM540332,2.58,6.44,GSE21653
GSM540333,2.73,6.3775,GSE21653
GSM540334,2.48,5.359999999999999,GSE21653
GSM540335,2.63,4.9525,GSE21653
GSM540336,2.54,7.18,GSE21653
GSM540337,2.51,4.535,GSE21653
GSM540338,2.82,5.200000000000001,GSE21653
GSM540339,2.97,5.4375,GSE21653
GSM540340,2.73,5.924999999999999,GSE21653
GSM540341,2.68,5.484999999999999,GSE21653
GSM540342,2.74,7.1425,GSE21653
GSM540343,2.81,7.02,GSE21653
GSM540344,2.7,5.3925,GSE21653
GSM540345,2.91,6.862500000000001,GSE21653
GSM540346,2.7,5.1275,GSE21653
GSM540347,2.85,6.42,GSE21653
GSM540348,3.16,7.4475,GSE21653
GSM540349,2.68,7.725,GSE21653
GSM540350,2.69,6.2475000000000005,GSE21653
GSM540351,2.68,8.2625,GSE21653
GSM540352,2.9,7.015,GSE21653
GSM540353,2.83,6.65,GSE21653
GSM540354,3.07,6.585,GSE21653
GSM540355,2.61,6.825,GSE21653
GSM540356,2.68,7.0825,GSE21653
GSM540357,2.76,7.115,GSE21653
GSM540358,3.14,6.3975,GSE21653
GSM540359,2.82,7.300000000000001,GSE21653
GSM540360,2.67,7.8025,GSE21653
GSM540361,2.65,6.1975,GSE21653
GSM540362,2.77,8.385,GSE21653
GSM540363,2.74,6.845000000000001,GSE21653
GSM540364,2.77,7.0525,GSE21653
GSM540365,2.68,7.145,GSE21653
GSM540366,4.23,7.7675,GSE21653
GSM540367,2.98,5.635,GSE21653
GSM540368,3.01,7.5225,GSE21653
GSM540369,2.63,6.275,GSE21653
GSM540370,2.58,5.9125,GSE21653
GSM540371,2.68,6.657500000000001,GSE21653
GSM540372,2.85,8.29,GSE21653
GSM540373,2.52,7.27,GSE21653
GSM519117,3.34131540161557,8.465551541857655,GSE20685
GSM519118,4.1558739178347,6.740029836844593,GSE20685
GSM519119,5.44015842170629,7.2593892507465245,GSE20685
GSM519120,4.37481431835371,8.678259890435577,GSE20685
GSM519121,5.86314423720289,8.80772791970014,GSE20685
GSM519122,5.21405791446877,9.292837200632263,GSE20685
GSM519123,1.86616580886151,6.821196505423588,GSE20685
GSM519124,1.54509390480403,10.736891062992676,GSE20685
GSM519125,7.26244607727059,8.862948207742814,GSE20685
GSM519126,2.97061962451583,8.425650957465805,GSE20685
GSM519127,2.81653416308083,7.810002765957376,GSE20685
GSM519128,4.33243741790785,7.429514948705062,GSE20685
GSM519129,10.5374577043198,9.126376358587486,GSE20685
GSM519130,5.1371925780017,9.5868238187094,GSE20685
GSM519131,4.77327011337099,8.432870792277622,GSE20685
GSM519132,5.23530031660726,7.08966781702609,GSE20685
GSM519133,1.71537261862073,7.956791365535018,GSE20685
GSM519134,2.44031534659443,8.58369194764367,GSE20685
GSM519135,3.24876189670507,8.4771351136419,GSE20685
GSM519136,5.57318197748057,8.59640026235139,GSE20685
GSM519137,5.81684332030677,10.5647481134844,GSE20685
GSM519138,5.37116638067162,9.188408054924375,GSE20685
GSM519139,4.30230312819164,8.830129126495978,GSE20685
GSM519140,4.26800607763388,9.165977262602077,GSE20685
GSM519141,3.45505197341391,7.958499081658642,GSE20685
GSM519142,5.13501225952224,8.452230660231592,GSE20685
GSM519143,2.31239028264675,8.58716489906054,GSE20685
GSM519144,3.17503393768164,8.248972016778705,GSE20685
GSM519145,4.14453273546501,9.128689971416229,GSE20685
GSM519146,5.31170037713141,8.115573317147717,GSE20685
GSM519147,4.06521572571456,7.684169663330152,GSE20685
GSM519148,1.03411774610654,7.244515032368055,GSE20685
GSM519149,5.20015583833718,8.94582947596597,GSE20685
GSM519150,4.63040256100227,5.10664947765646,GSE20685
GSM519151,4.43945683815072,8.868504797923304,GSE20685
GSM519152,2.46851465197071,10.193134620769484,GSE20685
GSM519153,2.11632856977384,9.664805867004166,GSE20685
GSM519154,5.42147697084583,9.342699961810403,GSE20685
GSM519155,1.0304990974482,8.72905684025047,GSE20685
GSM519156,4.6912558824948,6.444963677089155,GSE20685
GSM519157,1.14097154349001,8.014795090571413,GSE20685
GSM519158,1.99752797463402,8.174872649267765,GSE20685
GSM519159,3.85636232508387,8.719857354962848,GSE20685
GSM519160,2.81089237454721,8.168976968758093,GSE20685
GSM519161,4.6393297367713,8.84936174286764,GSE20685
GSM519162,5.01107070913765,9.475301103928372,GSE20685
GSM519163,2.99715611012335,7.460598338596908,GSE20685
GSM519164,4.44739779653592,7.80913890510109,GSE20685
GSM519165,4.46277193755433,8.899135425883237,GSE20685
GSM519166,4.0514805450139,9.172863961018258,GSE20685
GSM519167,2.05470396229304,8.742149069083858,GSE20685
GSM519168,1.97598443749075,7.68845745270082,GSE20685
GSM519169,4.5539974073436,8.000193389906675,GSE20685
GSM519170,4.26769805850766,8.995221053338579,GSE20685
GSM519171,4.24157679998914,8.799132817301594,GSE20685
GSM519172,5.21619196782139,8.875369176391475,GSE20685
GSM519173,5.25725154709538,7.924571858565693,GSE20685
GSM519174,4.32987195570277,8.430598122229153,GSE20685
GSM519175,3.32383756927147,7.717757132676008,GSE20685
GSM519176,4.59068703322123,6.4100709592039,GSE20685
GSM519177,5.52923965294047,8.882429584527747,GSE20685
GSM519178,2.33495818699107,7.248637009117885,GSE20685
GSM519179,1.82571358251024,8.815918644817575,GSE20685
GSM519180,4.1583967463877,7.842553800573368,GSE20685
GSM519181,5.56732383351838,11.0707055189861,GSE20685
GSM519182,3.83690922052573,8.410119422982408,GSE20685
GSM519183,4.46673880221263,7.017613048823695,GSE20685
GSM519184,5.21850366094827,8.68251404231744,GSE20685
GSM519185,3.25989999199063,7.758991735945902,GSE20685
GSM519186,1.92598212909079,8.576267614819546,GSE20685
GSM519187,3.30694501762331,9.521754285859434,GSE20685
GSM519188,1.59565811383189,7.092664361796203,GSE20685
GSM519189,5.43409414762879,9.04486949024724,GSE20685
GSM519190,2.37241641756208,9.028697424796189,GSE20685
GSM519191,4.81118119455072,8.827997781516235,GSE20685
GSM519192,2.31202647577195,7.861721468212277,GSE20685
GSM519193,5.08603131369571,9.238073819200512,GSE20685
GSM519194,3.98265832934639,9.81746730994769,GSE20685
GSM519195,4.31097997707045,7.03431179803335,GSE20685
GSM519196,2.66211818134839,8.739108160833794,GSE20685
GSM519197,4.70108728277384,8.589225745121437,GSE20685
GSM519198,5.72027214941017,9.604171254545555,GSE20685
GSM519199,3.4904000033694,8.811054485993207,GSE20685
GSM519200,4.81167752074987,9.1312708982043,GSE20685
GSM519201,5.2652100592049,8.630053395285698,GSE20685
GSM519202,3.04257162430104,8.680059398187062,GSE20685
GSM519203,4.37680838948271,8.135880982200884,GSE20685
GSM519204,4.16045388715626,8.499215598729176,GSE20685
GSM519205,0.481238213507986,8.347996899163135,GSE20685
GSM519206,5.48689159578682,6.633257714925607,GSE20685
GSM519207,6.35498853826694,8.055010396918131,GSE20685
GSM519208,2.88360376105699,8.00993700331026,GSE20685
GSM519209,3.16629217850539,7.599018425013313,GSE20685
GSM519210,2.73763523431713,8.541103449170208,GSE20685
GSM519211,4.36342728837902,8.240820517517353,GSE20685
GSM519212,0.733519626972419,7.94103694580167,GSE20685
GSM519213,2.65578830500618,9.446377802850291,GSE20685
GSM519214,4.483263548667,7.4644565234980575,GSE20685
GSM519215,5.54445121530406,8.699507094977282,GSE20685
GSM519216,4.7886469921456,8.990366519637654,GSE20685
GSM519217,3.64359457380008,9.419358272150522,GSE20685
GSM519218,4.86947316047549,9.671287866437742,GSE20685
GSM519219,4.53188673263207,7.532427884948742,GSE20685
GSM519220,3.09695257339286,7.707846396063813,GSE20685
GSM519221,4.96082134020132,7.952026738814562,GSE20685
GSM519222,2.01563045564704,10.14275206647646,GSE20685
GSM519223,3.00968306660228,9.107190358114863,GSE20685
GSM519224,5.58522190636736,7.94176742920922,GSE20685
GSM519225,5.09857339261877,8.79632922946648,GSE20685
GSM519226,2.88923720956309,7.471243433083733,GSE20685
GSM519227,1.16944691226496,7.967784866358761,GSE20685
GSM519228,1.87694138652638,7.620281375135267,GSE20685
GSM519229,3.58109881867901,7.943467874738483,GSE20685
GSM519230,3.96671762122863,8.342124623042555,GSE20685
GSM519231,1.97956871305626,8.665494555945681,GSE20685
GSM519232,1.92906237588496,8.806927475992254,GSE20685
GSM519233,2.91914525743773,6.543457128407928,GSE20685
GSM519234,1.28577253971119,8.340739612056304,GSE20685
GSM519235,3.7104066196634,9.613906318957463,GSE20685
GSM519236,2.00767399084506,6.989128683152957,GSE20685
GSM519237,4.01649513024909,9.56993972995346,GSE20685
GSM519238,4.82916634094504,8.398790840013218,GSE20685
GSM519239,2.61764133517526,9.397588046083072,GSE20685
GSM519240,2.32240178095637,7.491403844356893,GSE20685
GSM519241,4.87968945038018,9.237005134578176,GSE20685
GSM519242,4.007443241465,7.935052899168668,GSE20685
GSM519243,1.26798203311398,9.680962861349744,GSE20685
GSM519244,1.73717148435881,8.842128902402353,GSE20685
GSM519245,3.55193667967925,9.170736241157776,GSE20685
GSM519246,2.88948906708261,7.71917880774809,GSE20685
GSM519247,2.42737746829902,9.156215663483682,GSE20685
GSM519248,4.90725567804644,7.453384855886091,GSE20685
GSM519249,4.61670249783047,9.519950289680736,GSE20685
GSM519250,0.608081794887922,7.15066843599041,GSE20685
GSM519251,4.74431702041724,9.554788019039734,GSE20685
GSM519252,5.45817246349439,6.991036291453895,GSE20685
GSM519253,0.874547384918008,7.447571917266375,GSE20685
GSM519254,5.06750602075688,7.1314512113570245,GSE20685
GSM519255,2.76393028554313,8.343446507089553,GSE20685
GSM519256,2.06459436449271,7.415997087358713,GSE20685
GSM519257,4.64729972678301,8.922110655425255,GSE20685
GSM519258,4.71948389538525,7.853732681473673,GSE20685
GSM519259,3.54430828530361,6.878448328963063,GSE20685
GSM519260,4.76732174909232,7.64150267704758,GSE20685
GSM519261,4.84566709756374,7.913423730637847,GSE20685
GSM519262,4.55952260960699,9.02173936430345,GSE20685
GSM519263,3.42439528402576,8.806645622458369,GSE20685
GSM519264,1.77995482988438,9.731524282379247,GSE20685
GSM519265,7.76193257351711,8.70726319892665,GSE20685
GSM519266,3.04575434554789,8.406807220409048,GSE20685
GSM519267,1.69260767195013,9.166447474316556,GSE20685
GSM519268,5.6386955387994,8.613260230741139,GSE20685
GSM519269,5.4298533426604,7.383195094537635,GSE20685
GSM519270,4.54400300535701,8.9865807612966,GSE20685
GSM519271,3.99559026776784,8.074772411984698,GSE20685
GSM519272,2.39955238073397,8.859211813610496,GSE20685
GSM519273,0.45386461832955,8.832626113350226,GSE20685
GSM519274,5.38697950664187,10.092112011985126,GSE20685
GSM519275,5.46473477184568,8.188992179771144,GSE20685
GSM519276,0.87113958905504,9.192663495814449,GSE20685
GSM519277,4.58174394119171,10.105802786711124,GSE20685
GSM519278,5.71652815068512,7.901268527526351,GSE20685
GSM519279,2.20007829207265,7.978062134809594,GSE20685
GSM519280,4.0502001489917,8.410387934582316,GSE20685
GSM519281,3.68461552819503,9.7461479500801,GSE20685
GSM519282,5.39477843423717,8.804655439696571,GSE20685
GSM519283,5.18627547418205,8.609135195117675,GSE20685
GSM519284,2.43390615028534,4.433440616642605,GSE20685
GSM519285,4.64690777031057,8.82181177121983,GSE20685
GSM519286,2.32333986101236,8.362541611765973,GSE20685
GSM519287,1.82797696465818,7.924559251189553,GSE20685
GSM519288,3.32129618561377,8.738601624496361,GSE20685
GSM519289,2.39427082277232,9.117900227451685,GSE20685
GSM519290,2.56826232908224,7.781930320501347,GSE20685
GSM519291,2.49688071843869,7.622313607568483,GSE20685
GSM519292,5.10254314497257,8.537513577842638,GSE20685
GSM519293,5.37072598175349,8.481845484913201,GSE20685
GSM519294,3.992838114617,9.267284318760396,GSE20685
GSM519295,5.44956254402471,8.510776209744975,GSE20685
GSM519296,5.83938981379116,8.8585426114686,GSE20685
GSM519297,0.814436341769894,8.5033479615996,GSE20685
GSM519298,2.63147461791671,8.621109284754478,GSE20685
GSM519299,1.27502058057819,9.62861137865821,GSE20685
GSM519300,2.1491358939083,9.432952599923809,GSE20685
GSM519301,2.39748560355351,10.667693026451726,GSE20685
GSM519302,4.39071931012659,8.871671519175703,GSE20685
GSM519303,4.37972292397911,9.96980660163453,GSE20685
GSM519304,3.61496931361571,10.218082366782465,GSE20685
GSM519305,5.32321291850499,8.375911994405282,GSE20685
GSM519306,3.6711850878296,8.25139097486729,GSE20685
GSM519307,1.82738473997397,7.816902040542541,GSE20685
GSM519308,4.91608821626313,8.061464504837447,GSE20685
GSM519309,3.85528072847634,6.965171167873848,GSE20685
GSM519310,1.64637785188274,8.699252660116633,GSE20685
GSM519311,5.35442077725387,7.069357663249392,GSE20685
GSM519312,1.30163738149893,9.400900151220736,GSE20685
GSM519313,2.93454323474737,8.971079461264878,GSE20685
GSM519314,4.12240008200782,8.54109080536977,GSE20685
GSM519315,5.11775303964402,9.36793260604285,GSE20685
GSM519316,1.50383739095526,7.033541171427415,GSE20685
GSM519317,1.07328839012894,8.332845453674842,GSE20685
GSM519318,5.00086191503283,8.940765498318758,GSE20685
GSM519319,2.7289251088599,7.648278971451628,GSE20685
GSM519320,4.93372481076495,7.705868974078502,GSE20685
GSM519321,5.89623754620707,9.107180547977482,GSE20685
GSM519322,5.01027312015917,8.458796768336896,GSE20685
GSM519323,1.09291319753677,6.535771006558065,GSE20685
GSM519324,3.90065340307593,8.407351890529604,GSE20685
GSM519325,4.19485567256666,8.392097547144765,GSE20685
GSM519326,1.84942393851689,7.078304225520737,GSE20685
GSM519327,5.39170988498541,9.479863902071584,GSE20685
GSM519328,2.10688622395585,8.207403199541602,GSE20685
GSM519329,5.30816500975966,9.26583708732393,GSE20685
GSM519330,4.91626098131343,7.877302875380407,GSE20685
GSM519331,2.66301123485772,8.445206593658302,GSE20685
GSM519332,4.4460338671686,9.753859253454252,GSE20685
GSM519333,5.66129267051612,10.494739874772575,GSE20685
GSM519334,5.20491627818901,8.113879637565574,GSE20685
GSM519335,4.60807712100448,8.65972273325119,GSE20685
GSM519336,3.80208550640847,7.95345660600279,GSE20685
GSM519337,5.93277909014386,8.678097614036387,GSE20685
GSM519338,4.33654181469494,7.718368402274096,GSE20685
GSM519339,5.94684472074978,8.747369985816425,GSE20685
GSM519340,4.46035531067605,8.142340536721973,GSE20685
GSM519341,2.58318809032269,9.539770471744427,GSE20685
GSM519342,5.31949251007176,8.853401016846037,GSE20685
GSM519343,1.54112960312494,8.325411108796995,GSE20685
GSM519344,3.88850573144045,8.717497630698833,GSE20685
GSM519345,4.98878368157346,8.916648491491884,GSE20685
GSM519346,5.49294481143478,9.277599711351876,GSE20685
GSM519347,4.46759774777056,8.082734768104483,GSE20685
GSM519348,1.89940698958955,8.415432008458412,GSE20685
GSM519349,4.00249852641065,7.85037128812593,GSE20685
GSM519350,5.32284992344435,8.492944368981467,GSE20685
GSM519351,4.92145639191855,7.302401616999685,GSE20685
GSM519352,5.16920487135342,6.729573882485113,GSE20685
GSM519353,4.84277617469517,7.080487610527897,GSE20685
GSM519354,3.0106387734478,8.506015920697795,GSE20685
GSM519355,1.54682199471642,9.243885650492004,GSE20685
GSM519356,4.4345940465359,6.416914114411309,GSE20685
GSM519357,0.620267695478713,8.104802975739215,GSE20685
GSM519358,5.49647546289308,8.80479806035737,GSE20685
GSM519359,1.78261842403935,9.119936344026144,GSE20685
GSM519360,2.99414396643262,9.083608311955722,GSE20685
GSM519361,2.90494586997617,8.18640883605569,GSE20685
GSM519362,2.66273369925511,9.4381964421641,GSE20685
GSM519363,1.8114874146896,8.364074121684776,GSE20685
GSM519364,2.93454323474737,7.352562239777635,GSE20685
GSM519365,2.91557807279986,7.798689483685244,GSE20685
GSM519366,4.87844488503379,7.885972242240615,GSE20685
GSM519367,2.93198466055553,8.307514846313039,GSE20685
GSM519368,4.86367963472354,8.141352667845355,GSE20685
GSM519369,2.77442680102026,8.528779766740595,GSE20685
GSM519370,2.26170101297253,8.379312590849775,GSE20685
GSM519371,5.55883900726827,8.910860346168988,GSE20685
GSM519372,4.80734191981521,8.524877117738997,GSE20685
GSM519373,3.78831443532732,8.26379092786634,GSE20685
GSM519374,2.12910936490725,8.311311573170265,GSE20685
GSM519375,3.54430828530361,9.25025523804026,GSE20685
GSM519376,3.72991349927252,9.565248372030863,GSE20685
GSM519377,0.844538872115412,8.128757105665876,GSE20685
GSM519378,5.00798964845491,8.776734606427631,GSE20685
GSM519379,3.49565676400104,7.409345021224819,GSE20685
GSM519380,5.79817678917381,9.565231233680247,GSE20685
GSM519381,2.50618542238591,9.27299272406951,GSE20685
GSM519382,1.1687480830438,8.087084902329625,GSE20685
GSM519383,1.62571741402529,7.767821625654568,GSE20685
GSM519384,2.7152258522449,9.52430480611963,GSE20685
GSM519385,4.9076341943707,8.555013794954746,GSE20685
GSM519386,3.67791508115571,9.453837460479846,GSE20685
GSM519387,5.20279806402888,8.74957475966837,GSE20685
GSM519388,1.54682199471642,8.558423604737431,GSE20685
GSM519389,5.49445647186419,8.866254634898645,GSE20685
GSM519390,4.63912006888209,6.462089931172224,GSE20685
GSM519391,2.51926832315644,7.77920040158047,GSE20685
GSM519392,2.29470028783886,7.743634347043821,GSE20685
GSM519393,4.73648247200029,8.680829031473177,GSE20685
GSM519394,5.74094892650553,8.499209503534402,GSE20685
GSM519395,1.4443719195074,7.88858800854367,GSE20685
GSM519396,3.50303385622289,9.34509511375451,GSE20685
GSM519397,4.34886744115039,6.464745420897435,GSE20685
GSM519398,1.79315753479373,8.149690774124249,GSE20685
GSM519399,2.34011589358828,8.316411123273014,GSE20685
GSM519400,5.79396889237053,8.219140611616794,GSE20685
GSM519401,2.59178677730319,9.573242242606735,GSE20685
GSM519402,4.35650781619252,7.660277747179716,GSE20685
GSM519403,4.7879932849214,8.055300213381852,GSE20685
GSM519404,4.60759555796692,7.726970283002385,GSE20685
GSM519405,5.93878697109897,9.00851492783494,GSE20685
GSM519406,5.51126464538797,7.068555014057015,GSE20685
GSM519407,1.92474597994173,8.05827333797365,GSE20685
GSM519408,4.30483214455424,6.928115124112185,GSE20685
GSM519409,2.65192958043574,6.116213585442795,GSE20685
GSM519410,6.11833082436866,9.510369380629744,GSE20685
GSM519411,1.72969726798813,8.129316310569026,GSE20685
GSM519412,6.00998938528106,8.545299658203877,GSE20685
GSM519413,3.63863963421609,7.13736698731055,GSE20685
GSM519414,4.32636382704908,7.802492442240805,GSE20685
GSM519415,0.999619303067183,7.511146099398523,GSE20685
GSM519416,3.71168972015362,7.682718268579505,GSE20685
GSM519417,5.74241939877022,8.78493269112894,GSE20685
GSM519418,5.61637944128565,9.12419980567741,GSE20685
GSM519419,4.05564395994012,8.183745937835443,GSE20685
GSM519420,5.67296455256418,9.026467292900488,GSE20685
GSM519421,1.09071616293506,8.513685780710246,GSE20685
GSM519422,0.960480518528964,8.545484990037988,GSE20685
GSM519423,2.22402471026701,8.521544398785299,GSE20685
GSM519424,1.05868449154672,8.290704185272741,GSE20685
GSM519425,5.36783741953664,7.832509211602668,GSE20685
GSM519426,2.3407742187934,7.679049963658089,GSE20685
GSM519427,2.98865917937734,6.169016913360212,GSE20685
GSM519428,5.2356399235234,8.039076701032277,GSE20685
GSM519429,0.93958057318582,6.763928579847725,GSE20685
GSM519430,5.09151587995507,7.21648824468127,GSE20685
GSM519431,2.41405652693481,8.40214622411937,GSE20685
GSM519432,2.10639478303739,8.690870239048223,GSE20685
GSM519433,4.03286213129487,7.427026580651705,GSE20685
GSM519434,2.63813200410726,6.77883620735137,GSE20685
GSM519435,5.06504828090182,8.637204913209512,GSE20685
GSM519436,2.07018581413414,8.083732397633172,GSE20685
GSM519437,3.01746156561252,7.605011246533248,GSE20685
GSM519438,3.5367909547068,6.9500483680360325,GSE20685
GSM519439,2.12112067317522,8.482012702637476,GSE20685
GSM519440,5.14502242901919,7.598998627726115,GSE20685
GSM519441,3.18505395505027,7.883407630929572,GSE20685
GSM519442,5.11959942221,6.94822816850962,GSE20685
GSM519443,3.18353304091362,7.106998949476566,GSE20685
GSM781288,2.58,7.919,GSE31448
GSM781289,2.599,8.309000000000001,GSE31448
GSM781290,2.689,7.094250000000001,GSE31448
GSM781291,2.625,7.978750000000001,GSE31448
GSM781292,2.57,7.80575,GSE31448
GSM781293,2.568,7.703749999999999,GSE31448
GSM781294,2.632,7.02025,GSE31448
GSM781295,2.903,7.733,GSE31448
GSM781296,2.722,7.231999999999999,GSE31448
GSM781297,3.081,7.24275,GSE31448
GSM781298,2.725,6.81475,GSE31448
GSM781299,2.602,6.55325,GSE31448
GSM781300,2.511,8.61075,GSE31448
GSM781301,2.87,6.418749999999999,GSE31448
GSM781302,2.531,7.52525,GSE31448
GSM781303,2.465,8.13725,GSE31448
GSM781304,2.694,7.57475,GSE31448
GSM781305,3.302,6.924250000000001,GSE31448
GSM781307,2.727,7.227,GSE31448
GSM781309,2.711,7.90925,GSE31448
GSM781311,2.662,6.760250000000001,GSE31448
GSM781312,2.864,7.47175,GSE31448
GSM781313,2.799,7.3655,GSE31448
GSM781314,3.087,7.60275,GSE31448
GSM781315,3.743,7.84125,GSE31448
GSM781331,2.7,7.338249999999999,GSE31448
GSM781332,2.901,6.295,GSE31448
GSM781333,3.192,7.499,GSE31448
GSM781335,2.616,6.90575,GSE31448
GSM781338,2.573,8.11525,GSE31448
GSM781339,3.02,5.96275,GSE31448
GSM781341,2.475,7.399750000000001,GSE31448
GSM781344,2.692,7.1217500000000005,GSE31448
GSM781346,2.609,7.16925,GSE31448
GSM781352,2.669,8.094999999999999,GSE31448
GSM781354,2.696,7.4475,GSE31448
GSM781360,2.632,6.77825,GSE31448
GSM781361,2.583,5.957,GSE31448
GSM781365,3.104,6.984500000000001,GSE31448
GSM781370,2.888,6.43925,GSE31448
GSM781378,3.281,5.9935,GSE31448
GSM781381,2.978,5.58075,GSE31448
GSM781390,2.561,6.911,GSE31448
GSM781395,2.506,6.50525,GSE31448
GSM781397,2.888,7.78275,GSE31448
GSM781400,2.826,6.5127500000000005,GSE31448
GSM781409,3.108,5.539,GSE31448
GSM781420,2.787,7.74525,GSE31448
GSM781423,2.705,6.64475,GSE31448
GSM781428,2.918,6.6025,GSE31448
GSM781429,2.952,6.771000000000001,GSE31448
GSM781433,3.124,7.174,GSE31448
GSM781450,2.7,6.30375,GSE31448
GSM781451,2.725,6.2915,GSE31448
GSM781452,2.599,7.061249999999999,GSE31448
GSM781462,2.801,7.26625,GSE31448
GSM781463,2.844,7.7085,GSE31448
GSM781468,2.592,6.287,GSE31448
GSM781469,3.084,7.843750000000001,GSE31448
GSM781470,2.965,7.12425,GSE31448
GSM781474,2.563,7.475,GSE31448
GSM781475,2.543,6.236750000000001,GSE31448
GSM781478,2.939,6.681,GSE31448
GSM781481,2.958,7.1295,GSE31448
GSM781485,2.573,7.106999999999999,GSE31448
GSM781487,2.98,7.141,GSE31448
GSM781490,3.02,6.8505,GSE31448
GSM781495,2.689,7.542,GSE31448
GSM781498,2.93,8.348,GSE31448
GSM781503,2.776,5.72575,GSE31448
GSM781504,2.807,6.1855,GSE31448
GSM781506,2.7,7.50775,GSE31448
GSM781514,2.687,8.57675,GSE31448
GSM781516,2.534,8.1195,GSE31448
GSM781519,2.667,8.1265,GSE31448
GSM781522,2.583,8.48975,GSE31448
GSM781537,3.303,7.131499999999999,GSE31448
GSM781543,2.563,6.2467500000000005,GSE31448
GSM781557,2.911,6.86075,GSE31448
GSM781560,3.162,7.4485,GSE31448
GSM781563,2.68,8.26025,GSE31448
GSM781564,2.897,7.01425,GSE31448
GSM781565,2.832,6.65125,GSE31448
GSM781567,2.606,6.827999999999999,GSE31448
GSM781568,2.683,7.082000000000001,GSE31448
GSM781569,2.763,7.1165,GSE31448
GSM781571,2.818,7.301,GSE31448
GSM781572,2.674,7.802249999999999,GSE31448
GSM781573,2.646,6.1965,GSE31448
GSM781574,2.77,8.387,GSE31448
GSM781576,2.772,7.05275,GSE31448
GSM781577,2.683,7.146750000000001,GSE31448
GSM781578,4.228,7.768000000000001,GSE31448
GSM781580,3.013,7.521750000000001,GSE31448
GSM781581,2.632,6.27275,GSE31448
GSM781583,2.678,6.658,GSE31448
GSM781584,2.846,8.287749999999999,GSE31448
GSM781585,2.521,7.26975,GSE31448
GSM1419942,309.8078,105.2523675,GSE58812
GSM1419943,390.4026,493.7102,GSE58812
GSM1419944,1537.991,491.33285,GSE58812
GSM1419945,235.9853,312.7171,GSE58812
GSM1419946,281.122,275.416925,GSE58812
GSM1419947,2375.58,397.75635,GSE58812
GSM1419948,58.79435,375.905125,GSE58812
GSM1419949,165.8717,219.404175,GSE58812
GSM1419950,487.2966,280.406,GSE58812
GSM1419951,75.79829,563.0995,GSE58812
GSM1419952,2348.645,427.01175,GSE58812
GSM1419953,6499.16,625.5322249999999,GSE58812
GSM1419954,793.5153,72.0661625,GSE58812
GSM1419955,4.326199,382.329975,GSE58812
GSM1419956,776.6078,186.71065,GSE58812
GSM1419957,1387.453,247.464825,GSE58812
GSM1419958,1072.407,214.880625,GSE58812
GSM1419968,272.1114,544.9212,GSE58812
GSM1419969,1211.168,843.451125,GSE58812
GSM1419970,5.243104,23.5110905,GSE58812
GSM1419971,1387.204,406.941,GSE58812
GSM1419972,2063.729,672.470225,GSE58812
GSM1419973,4.651118,215.240745,GSE58812
GSM1419974,1019.604,397.3654,GSE58812
GSM1419975,2649.539,367.110975,GSE58812
GSM1419976,1339.735,1027.230875,GSE58812
GSM1419977,103.918,450.793575,GSE58812
GSM1419978,1256.967,522.796475,GSE58812
GSM1419979,105.5102,160.0405275,GSE58812
GSM1419980,2110.959,56.40597,GSE58812
GSM1419981,5891.825,387.9989,GSE58812
GSM1419982,1425.96,165.99665,GSE58812
GSM1419983,1278.483,972.6605,GSE58812
GSM1419984,416.8964,69.8541675,GSE58812
GSM1419985,6253.572,397.028975,GSE58812
GSM1419986,2.111047,827.173375,GSE58812
GSM1419987,1621.908,392.924475,GSE58812
GSM1419988,4667.547,415.3299,GSE58812
GSM1419989,100.7277,42.0234625,GSE58812
GSM1419990,3047.71,305.428925,GSE58812
GSM1419991,883.5732,607.026975,GSE58812
GSM1419992,2941.849,511.836425,GSE58812
GSM1419993,92.97105,253.02355,GSE58812
GSM1419994,82.73861,99.10443,GSE58812
GSM1419995,697.924,224.6552,GSE58812
GSM1419996,2023.174,476.42615,GSE58812
GSM1419997,54.60617,445.556125,GSE58812
GSM1419998,373.1661,516.35315,GSE58812
GSM1419999,400.3708,301.88045,GSE58812
GSM1420000,70.09782,322.427325,GSE58812
GSM1420001,653.1478,388.46425,GSE58812
GSM1420002,390.1072,352.997,GSE58812
GSM1420003,3682.567,246.870325,GSE58812
GSM1420004,146.989,373.4314,GSE58812
GSM1420005,1289.197,522.77725,GSE58812
GSM1420006,71.30997,529.9268500000001,GSE58812
GSM1420007,1165.952,308.1185,GSE58812
GSM1420008,1055.396,771.5164,GSE58812
GSM1420009,694.3569,245.80715,GSE58812
GSM1420010,695.8057,369.2806,GSE58812
GSM1420011,51.24161,344.687,GSE58812
GSM1420012,238.7836,137.56577499999997,GSE58812
GSM1420013,770.7404,415.018925,GSE58812
GSM1420014,3667.732,60.46172,GSE58812
GSM1420015,235.7958,249.8579,GSE58812
GSM1420016,153.0578,289.175525,GSE58812
GSM1420017,24.19287,294.780075,GSE58812
GSM1420018,763.4412,541.2853250000001,GSE58812
GSM1420019,473.7742,244.81235,GSE58812
GSM1420020,3.505192,646.8354750000001,GSE58812
GSM1420021,3042.187,305.349425,GSE58812
GSM1420022,941.2357,411.535525,GSE58812
GSM1420023,4.08911,160.3897975,GSE58812
GSM1420024,301.4534,307.79735,GSE58812
GSM1420025,333.0913,194.411975,GSE58812
GSM1420026,1061.018,1031.5134,GSE58812
GSM1420027,1552.133,519.3584249999999,GSE58812
GSM1420028,68.85193,255.636375,GSE58812
GSM1420029,1247.338,820.484725,GSE58812
GSM1420030,3816.17,175.189775,GSE58812
GSM1420031,6.705211,253.73630000000003,GSE58812
GSM1420032,2975.118,496.35275,GSE58812
GSM1420033,2258.625,580.877375,GSE58812
GSM1420034,71.3584,310.33995,GSE58812
GSM1420035,97.67746,321.747625,GSE58812
GSM1420036,2511.69,612.221325,GSE58812
GSM1420037,3.45355,639.446925,GSE58812
GSM1420038,91.45061,515.5472,GSE58812
GSM1420039,861.7255,783.999475,GSE58812
GSM1420040,455.6407,512.6794,GSE58812
GSM1420041,1988.373,433.069125,GSE58812
GSM1420042,5.713667,297.829225,GSE58812
GSM1420043,1569.428,363.043275,GSE58812
GSM1420044,1701.759,489.11645,GSE58812
GSM1420045,448.53,487.62125,GSE58812
GSM1420046,559.1489,148.25597499999998,GSE58812
GSM1420047,59.21268,533.68475,GSE58812
GSM1420048,2033.173,304.58895,GSE58812
GSM1420049,62.20516,156.7102,GSE58812
GSM1420050,2392.896,498.9164,GSE58812
GSM1420051,1511.619,319.62205,GSE58812
GSM1420052,1373.828,258.97995000000003,GSE58812
GSM1420053,2.049336,396.716425,GSE58812
GSM1420054,36.93518,137.769555,GSE58812
GSM1420055,59.18967,256.449525,GSE58812
GSM1420056,8.695495,350.4518,GSE58812
GSM1420057,624.4708,559.11185,GSE58812
